epoch,i_loss,n_loss,psnr,ssim,val_i_loss,val_n_loss,val_psnr,val_ssim
0,0.224388793,0.675540507,12.30151844,0.189868599,0.381543756,0,6.732903004,0.0251398347
1,0.14370653,0.365983248,16.10496712,0.319829553,0.239590436,0,10.54719925,0.126302183
2,0.0929369107,0.212697014,19.93750763,0.501021206,0.187862277,0,13.00458717,0.364842623
3,0.0811363012,0.179139137,21.20942497,0.580197632,0.17182079,0,13.71705723,0.470523059
4,0.07332322,0.158160716,22.21891975,0.637605369,0.156176329,0,14.51323223,0.560216129
5,0.0677410513,0.141896233,23.03055573,0.67793411,0.145850539,0,15.10843658,0.633541584
6,0.0630336925,0.130326673,23.78908348,0.710252643,0.140208021,0,15.47593594,0.685353756
7,0.0600660853,0.11992041,24.31132889,0.730487764,0.13461113,0,15.80001545,0.722524464
8,0.0567593016,0.112838969,24.85086441,0.749229431,0.13058497,0,16.07259178,0.754048824
9,0.0547190085,0.106375434,25.22626495,0.761997461,0.125250116,0,16.47569656,0.780663192
10,0.0521995127,0.101112969,25.60092545,0.774126232,0.121468998,0,16.7188015,0.797305465
11,0.0498826914,0.0968033597,25.94788742,0.784766018,0.11978665,0,16.87551117,0.806939065
12,0.0484072492,0.092862159,26.18561363,0.792339027,0.117381759,0,17.05325127,0.818563104
13,0.0466691144,0.089643985,26.47625351,0.801029205,0.113679372,0,17.32315826,0.828608036
14,0.0452773944,0.0868537575,26.68816948,0.806662977,0.110893741,0,17.55444717,0.837885141
15,0.0437267981,0.0842594802,26.93479729,0.814170361,0.110267088,0,17.65796852,0.842884183
16,0.0427050591,0.0822811946,27.11771393,0.819110036,0.108309075,0,17.81509018,0.849216223
17,0.0409756191,0.0802098662,27.38482285,0.82641232,0.105699152,0,18.02118111,0.853414834
18,0.0404280201,0.0782048181,27.53096581,0.829955459,0.105243541,0,18.10428429,0.858589947
19,0.0396704823,0.0766229555,27.68976021,0.834214509,0.103051282,0,18.28349113,0.863506317
20,0.0384499058,0.0749452412,27.90359879,0.839454532,0.102603331,0,18.33901024,0.866114557
21,0.0377520658,0.0733933002,28.04419899,0.842443228,0.10204114,0,18.43294907,0.868102193
22,0.0371204168,0.0719265714,28.18251801,0.846005619,0.0976597145,0,18.78196335,0.8740834
23,0.0364903547,0.0708541125,28.32425308,0.84863323,0.0994248688,0,18.6180439,0.874273241
24,0.0354361869,0.0695729256,28.53697968,0.85385102,0.0981859192,0,18.74751663,0.876188934
25,0.035546992,0.0685281157,28.59794998,0.854462624,0.0994126946,0,18.75464058,0.875984251
26,0.034906771,0.0674678758,28.73385429,0.85746479,0.0961549804,0,18.95768166,0.88059485
27,0.0339317881,0.0664074644,28.90231514,0.86161226,0.0965885967,0,18.95088196,0.882690609
28,0.0337692611,0.065560028,28.98493195,0.863083363,0.0967101529,0,18.95467949,0.881641567
29,0.0329459496,0.0645341873,29.16054153,0.867183745,0.0960430279,0,19.03748322,0.883516848
30,0.0325950645,0.0639042556,29.27789116,0.869291544,0.0933518484,0,19.24654961,0.887494147
31,0.0325045139,0.0630324781,29.32723808,0.869824946,0.0946896449,0,19.16426086,0.886311173
32,0.0319788866,0.0624471493,29.46300507,0.872537494,0.0922800153,0,19.38495827,0.890145957
33,0.0316629335,0.0616501831,29.55054283,0.874277532,0.0927582905,0,19.3441143,0.889830649
34,0.0313267894,0.0608186536,29.62450981,0.875588298,0.0926003978,0,19.4204216,0.89016515
35,0.03085717,0.0601106435,29.74508858,0.878442526,0.0927263275,0,19.40876198,0.891968668
36,0.0303973854,0.0595711209,29.83884239,0.88006866,0.0913626999,0,19.54435158,0.894583166
37,0.0302152056,0.0589793921,29.91451454,0.881304801,0.0917849988,0,19.46374512,0.893795609
38,0.0297323857,0.0587100573,30.05297661,0.884074271,0.0909378454,0,19.57296944,0.896047831
39,0.0295813214,0.0579377711,30.10354614,0.884992123,0.0901766568,0,19.64762115,0.896167755
40,0.0292047542,0.0575818978,30.19972038,0.886578977,0.0895988718,0,19.7421627,0.897166193
41,0.0290565733,0.05717621,30.26252174,0.887536049,0.0899848267,0,19.63546371,0.896523416
42,0.028615823,0.056790065,30.36641312,0.889428616,0.0900745466,0,19.70424271,0.896762848
43,0.0284238439,0.0560983717,30.45169449,0.890991569,0.0892535448,0,19.73339081,0.897009373
44,0.0280155409,0.0558148623,30.55582047,0.892555177,0.0887371749,0,19.82296753,0.898525417
45,0.0278043691,0.055423215,30.61360359,0.893541873,0.088238053,0,19.91315269,0.899924397
46,0.0277428608,0.0549928397,30.66250038,0.894124031,0.0874720216,0,19.97978401,0.90004766
47,0.0272866655,0.0546130352,30.78432274,0.896696925,0.0870560929,0,20.03171921,0.901228607
48,0.0271779783,0.0537893772,30.81063843,0.896971345,0.0861195028,0,20.0419178,0.901234865
49,0.0267422218,0.0536587201,30.9210701,0.898963511,0.0871870369,0,20.01496315,0.901750505
50,0.0266314559,0.0533755124,30.993536,0.899862051,0.0865001082,0,20.11439514,0.901096582
51,0.0267328229,0.053005483,30.9873333,0.899291635,0.0857005939,0,20.1377697,0.902582169
52,0.0262231454,0.0526983403,31.11452293,0.901831865,0.0852609873,0,20.19406509,0.903401434
53,0.0260304939,0.0525301583,31.18921852,0.902727246,0.0850607604,0,20.1968956,0.905743361
54,0.026053777,0.0520071164,31.21161652,0.902785659,0.0854102969,0,20.15857697,0.904409647
55,0.0255745724,0.0518289134,31.32601738,0.905156374,0.0844361708,0,20.29229546,0.904819489
56,0.0255209282,0.0513800196,31.36244202,0.905236661,0.0855155215,0,20.16692352,0.90328902
57,0.0255366433,0.0508714318,31.37974167,0.905347645,0.0844436735,0,20.30802727,0.905058563
58,0.0250169765,0.0510320961,31.50524902,0.907642901,0.0844089314,0,20.29131508,0.905322731
59,0.0247430112,0.050588917,31.56979752,0.909136295,0.0857542753,0,20.20056343,0.904066086
60,0.0248561949,0.0500831679,31.57894707,0.908547163,0.0847192183,0,20.2573719,0.903735459
61,0.0247841459,0.0500515774,31.62732887,0.908990979,0.0836311504,0,20.40980148,0.905747473
62,0.0246936232,0.0496269502,31.66394806,0.909420073,0.0849535838,0,20.3126297,0.904779911
63,0.0243301708,0.0496931709,31.7634201,0.911075592,0.0834137946,0,20.45204926,0.905712724
64,0.0243919324,0.0492195897,31.76746178,0.910864532,0.0841519907,0,20.35914421,0.904350519
65,0.0239783823,0.0491919667,31.89485931,0.913072109,0.0865532979,0,20.18883133,0.90363723
66,0.0239701997,0.0489512607,31.91566277,0.913317442,0.0847129896,0,20.40108299,0.905275524
67,0.0238377415,0.0485703163,31.95791054,0.913885236,0.084382765,0,20.36905289,0.905598581
68,0.0237964038,0.0483672246,31.98934555,0.914201319,0.0822359994,0,20.61597824,0.907369316
69,0.0238295253,0.0480753593,32.01177216,0.914545953,0.0842268392,0,20.41163254,0.905838609
70,0.0234013777,0.0479916409,32.09153366,0.915931582,0.0839900821,0,20.38586044,0.90662092
71,0.0233814567,0.0475937761,32.12404633,0.91628021,0.0838292465,0,20.4371624,0.904169023
72,0.0231459234,0.0474276096,32.19368744,0.917186677,0.0831752717,0,20.55332375,0.906549573
73,0.0230241027,0.0473964624,32.24514771,0.917884946,0.083119005,0,20.5526371,0.906552255
74,0.0229724254,0.0472535715,32.27183151,0.917932808,0.0813144594,0,20.70734215,0.908031344
75,0.0228187405,0.0469038449,32.31851959,0.918982625,0.0843690112,0,20.35024834,0.903353572
76,0.0226736795,0.0468682237,32.36973953,0.91950202,0.0814633369,0,20.62896347,0.908884108
77,0.0226462949,0.046574939,32.40197754,0.919743955,0.0823372602,0,20.58539963,0.908166885
78,0.0224823561,0.0464705341,32.45561218,0.920619011,0.0841851011,0,20.46312904,0.905958951
79,0.0222025886,0.0462244637,32.53931427,0.922092915,0.0804697126,0,20.84360695,0.910961509
80,0.0220757555,0.0461381301,32.57522202,0.922308028,0.0814394504,0,20.76573181,0.909427822
81,0.0222975761,0.0459219664,32.55600739,0.921756804,0.0828427821,0,20.63809013,0.905185521
82,0.0223327093,0.0456296615,32.56427002,0.921450436,0.0820976198,0,20.65730095,0.907168567
83,0.0221343096,0.0457729883,32.64304733,0.922569573,0.0828278437,0,20.58538246,0.906151474
84,0.022019593,0.0453514159,32.67477417,0.923120022,0.0826549977,0,20.5974102,0.907152236
85,0.0219576284,0.0452944897,32.71147537,0.923636734,0.0811018944,0,20.8227787,0.90785706
86,0.0217421371,0.045264449,32.75924683,0.92465204,0.0836991593,0,20.51088333,0.905880392
87,0.0216171537,0.0448911488,32.79402161,0.924923956,0.0822444782,0,20.6211338,0.906815886
88,0.0216655098,0.0450321287,32.82186127,0.924627483,0.0816987455,0,20.72221565,0.908546209
89,0.0214822497,0.0447912775,32.87147141,0.925696194,0.0814586431,0,20.76093864,0.908351421
90,0.0215787757,0.0446085744,32.87574768,0.925102651,0.0820657089,0,20.66186333,0.906294882
91,0.0212448295,0.0445875302,32.93976974,0.926859498,0.0849174485,0,20.40963554,0.904134393
92,0.021133041,0.0446067639,32.9933548,0.927429855,0.081901446,0,20.65768814,0.908925474
93,0.0211535897,0.0442737713,32.9984436,0.927520216,0.0837048665,0,20.50410461,0.904686511
94,0.0209449157,0.0439877063,33.05236816,0.928550243,0.0824609846,0,20.65725517,0.905953944
95,0.0211007521,0.0440049171,33.04790878,0.927643359,0.0831567794,0,20.62433815,0.90769887
96,0.0209078677,0.0437715501,33.09979248,0.928557932,0.083489567,0,20.49023056,0.907053769
97,0.0208378378,0.0438197777,33.14165497,0.929004967,0.0819492638,0,20.58839607,0.909845233
98,0.020832615,0.043744009,33.1345253,0.928843617,0.0832055658,0,20.50291634,0.90781492
99,0.0206410065,0.0435123742,33.19466782,0.930151403,0.0834685639,0,20.54562759,0.90888685
100,0.0207005348,0.0433350243,33.2037735,0.929916024,0.0823296085,0,20.61970329,0.909528494
101,0.0205739066,0.0431746244,33.24436188,0.930567384,0.0819932669,0,20.70051193,0.910441518
102,0.0204663426,0.0431859866,33.27954865,0.931034863,0.0804143921,0,20.81134796,0.911776006
103,0.020473592,0.043014273,33.27274323,0.930487752,0.0802466422,0,20.8772316,0.910885036
104,0.0204578042,0.042926643,33.29449081,0.930674732,0.0808504149,0,20.81723022,0.910359383
105,0.0203619711,0.0428123847,33.33243942,0.931351781,0.0821070001,0,20.73353004,0.907894075
106,0.0201265831,0.0426922329,33.38686752,0.932292998,0.0813184604,0,20.77929115,0.910585642
107,0.020076707,0.042654559,33.42142105,0.9328233,0.0835884362,0,20.56617165,0.908262312
108,0.0200572368,0.0423792899,33.43312836,0.932886124,0.0836106092,0,20.52595329,0.908849955
109,0.0200634543,0.0423899852,33.45461273,0.933009684,0.081680119,0,20.70482445,0.908659458
110,0.0199611876,0.0424654335,33.48364639,0.933140218,0.0813518465,0,20.77259254,0.910186887
